A,B,C,D
김주찬,이범호,황윤호,최정민
김선빈,나지완,이창진,유재신
유민상,최형우,신범수,김민식
안치홍,버나디나,나종덕,한승택
서건창,김종덕,나원탁,주효상
김민성,샌즈,김형준,장영석
송성문,이정후,윤진호,김혜성
김하성,양의지,박지규,임병욱
이택근,전민재,송민섭,김규민
고종욱,김재환,배정대,이병휘
박세혁,이대호,김창혁,김인태
장승현,전병우,정경운,안중열
허경민,손아섭,박준혁,한동희
오재원,권정웅,강상원,문규현
오재일,러프,공백,김동한
김재호,구자욱,공백,나경민
최주환,최정,공백,조홍석
류지혁,로맥,공백,이지영
정수빈,김태진,공백,최영진
채태인,나성범,공백,최원제
정훈,서상우,공백,손주인
번즈,박용택,공백,강한울
김문호,로하스,공백,김헌곤
민병헌,호잉,공백,박찬도
전준우,공백,공백,허도환
강민호,공백,공백,이성우
이원석,공백,공백,강승호
배영섭,공백,공백,나주환
박한이,공백,공백,박승욱
박해민,공백,공백,정진기
이재원,공백,공백,윤정우
박정권,공백,공백,정범모
최항,공백,공백,노진혁
김강민,공백,공백,이우성
김동엽,공백,공백,정상호
한동민,공백,공백,장시윤
박민우,공백,공백,김용의
손시헌,공백,공백,안익훈
모창민,공백,공백,임훈
스크럭스,공백,공백,정주현
최준석,공백,공백,박기혁
권희동,공백,공백,심우준
이종욱,공백,공백,오태곤
유강남,공백,공백,정현
오지환,공백,공백,김진곤
양석환,공백,공백,최재훈
홍창기,공백,공백,지성준
이천웅,공백,공백,오선진
이형종,공백,공백,정은원
채은성,공백,공백,강경학
장성우,공백,공백,하주석
황재균,공백,공백,오선진
박경수,공백,공백,김회성
강백호,공백,공백,양성우
유한준,공백,공백,김민하
송광민,공백,공백,장민석
이성열,공백,공백,장진혁
백창수,공백,공백,공백
정근우,공백,공백,공백
최진행,공백,공백,공백
이용규,공백,공백,공백
