0,1,2,3,4
최주환,김종민,오재원,페르난데스,이흥련
오재일,최윤석,박세혁,김재환,김인태
송광민,이동훈,김재호,박건우,최재훈
이성열,박찬호,허경민,김태균,강경학
정근우,홍재호,신성현,호잉,오선진
최진행,주효상,류지혁,최형우,김민하
김주찬,김진곤,정수빈,박병호,양성우
안치홍,문상철,정진호,샌즈,장운호
이범호,이준수,국해성,강백호,김민식
나지완,이성우,지성준,로하스,백용환
이명기,박지규,김회성,김현수,한승택
서건창,양종민,정은원,이대호,김주형
김하성,윤진호,하주석,손아섭,이창진
이택근,김사훈,백창수,박석민,박준태
이정후,나종덕,이용규,나성범,유재신
유한준,김재현,김선빈,이원재,이준호
윤석민,공백,류승현,스크럭스,이지영
황재균,공백,서동욱,러프,김지수
유강남,공백,유민상,구자욱,김혜성
서상우,공백,최원준,로맥,김민혁
박용택,공백,최정민,최정,심우준
이천웅,공백,문선재,한동민,오준혁
이형종,공백,박동원,공백,이대형
채은성,공백,장영석,공백,이해창
채태인,공백,송성문,공백,조용호
민병헌,공백,박정음,공백,김용의
이병규,공백,허정협,공백,정주현
전준우,공백,김규민,공백,김준태
양의지,공백,임병욱,공백,안중열
모창민,공백,박경수,공백,김동한
박민우,공백,오태곤,공백,문규현
박한이,공백,장성우,공백,신본기
김동엽,공백,정현,공백,오윤석
강민호,공백,정상호,공백,한동희
이재원,공백,김민성,공백,황진수
박정권,공백,김재율,공백,나경민
고종욱,공백,오지환,공백,정범모
공백,공백,양석환,공백,김찬형
공백,공백,전민수,공백,이상호
공백,공백,김문호,공백,지석훈
공백,공백,정훈,공백,이우성
공백,공백,노진혁,공백,손주인
공백,공백,손시헌,공백,김성훈
공백,공백,권희동,공백,박찬도
공백,공백,김성욱,공백,허도환
공백,공백,이원석,공백,박승욱
공백,공백,최영진,공백,김재현
공백,공백,김상수,공백,윤정우
공백,공백,김헌곤,공백,정진기
공백,공백,박해민,공백,공백
공백,공백,김성현,공백,공백
공백,공백,나주환,공백,공백
공백,공백,최항,공백,공백
공백,공백,김강민,공백,공백
공백,공백,노수광,공백,공백
공백,공백,배영섭,공백,공백
공백,공백,정의윤,공백,공백
